<?xml version="1.0" encoding="UTF-8" standalone="yes"?>
<addon id="repository.thedeedubyah" name="TheDeedubyah's Repo" version="1" provider-name="thedeedubyah">
    <extension point="xbmc.addon.repository" name="Example Repository">
        <dir>
            <info compressed="false">https://raw.githubusercontent.com/thedeedubyah/thedeedubyah.github.io/main/repo/zips/addons.xml</info>
            <checksum>https://raw.githubusercontent.com/thedeedubyah/thedeedubyah.github.io/main/repo/zips/addons.xml.md5</checksum>
            <datadir zip="true">https://raw.githubusercontent.com/thedeedubyah/thedeedubyah.github.io/main/repo/zips/</datadir>
        </dir>
    </extension>
    <extension point="xbmc.addon.metadata">
        <summary>TheDeedubyah's Repo</summary>
        <description>My Kodi repo</description>
        <disclaimer></disclaimer>
        <platform>all</platform>
        <assets>
            <icon>icon.png</icon>
            <fanart>fanart.jpg</fanart>
        </assets>
    </extension>
</addon>